{
  "row": {
    "iter": 1,
    "seed": 43,
    "perturb_s": 0.0,
    "eval_wall_s": 170.0,
    "verdict_state": "completed",
    "mu_hat": 0.0,
    "lcb": 0.0,
    "delta": 0.0005,
    "accepted": false,
    "avg_king_loss": 12.740885,
    "avg_chall_loss": 12.740885,
    "peak_vram_max_mib": 89314,
    "peak_vram_per_gpu": "{\"0\": 76510, \"1\": 71536, \"2\": 71536, \"3\": 58618, \"4\": 89314, \"5\": 86936, \"6\": 86936, \"7\": 52498}",
    "hf_cache_gb_pre": 305.0,
    "hf_cache_gb_post": 305.0,
    "server_pid": 457759,
    "iter_total_s": 170.3
  },
  "perturb": {
    "perturb_wall_s": 0.0,
    "n_files": 4,
    "n_float_tensors": 0,
    "n_other_tensors": 0,
    "mode": "symlink"
  },
  "status": {
    "eval_id": "3f435b9e",
    "state": "completed",
    "progress": {
      "done": 2000,
      "total": 2000,
      "mu_hat": 0.0,
      "avg_king_loss": 12.740885,
      "avg_challenger_loss": 12.740885,
      "seqs_per_sec": 15.5
    },
    "verdict": {
      "accepted": false,
      "verdict": "king",
      "mu_hat": 0.0,
      "lcb": 0.0,
      "delta": 0.0005,
      "alpha": 0.001,
      "n_bootstrap": 2000,
      "N": 2000,
      "avg_king_loss": 12.740885,
      "avg_challenger_loss": 12.740885,
      "wall_time_s": 128.9,
      "seqs_per_sec": 15.5,
      "timestamp": "2026-05-07T13:34:32.014223+00:00"
    },
    "error": null
  },
  "vram_pre": {
    "0": 46394,
    "1": 50918,
    "2": 50918,
    "3": 38000,
    "4": 89304,
    "5": 86926,
    "6": 86926,
    "7": 52488
  },
  "vram_after_perturb": {
    "0": 46394,
    "1": 50918,
    "2": 50918,
    "3": 38000,
    "4": 89304,
    "5": 86926,
    "6": 86926,
    "7": 52488
  },
  "vram_post": {
    "0": 46400,
    "1": 50926,
    "2": 50926,
    "3": 38008,
    "4": 89310,
    "5": 86934,
    "6": 86934,
    "7": 52496
  },
  "peak_mem": {
    "0": 76510,
    "1": 71536,
    "2": 71536,
    "3": 58618,
    "4": 89314,
    "5": 86936,
    "6": 86936,
    "7": 52498
  }
}