{
  "row": {
    "iter": 4,
    "seed": 46,
    "perturb_s": 0.0,
    "eval_wall_s": 168.0,
    "verdict_state": "completed",
    "mu_hat": 0.0,
    "lcb": 0.0,
    "delta": 0.0005,
    "accepted": false,
    "avg_king_loss": 12.740885,
    "avg_chall_loss": 12.740885,
    "peak_vram_max_mib": 89336,
    "peak_vram_per_gpu": "{\"0\": 76532, \"1\": 71560, \"2\": 71560, \"3\": 58642, \"4\": 89336, \"5\": 86960, \"6\": 86960, \"7\": 52522}",
    "hf_cache_gb_pre": 305.0,
    "hf_cache_gb_post": 305.0,
    "server_pid": 457759,
    "iter_total_s": 168.2
  },
  "perturb": {
    "perturb_wall_s": 0.0,
    "n_files": 4,
    "n_float_tensors": 0,
    "n_other_tensors": 0,
    "mode": "symlink"
  },
  "status": {
    "eval_id": "10fad1f0",
    "state": "completed",
    "progress": {
      "done": 2000,
      "total": 2000,
      "mu_hat": 0.0,
      "avg_king_loss": 12.740885,
      "avg_challenger_loss": 12.740885,
      "seqs_per_sec": 15.5
    },
    "verdict": {
      "accepted": false,
      "verdict": "king",
      "mu_hat": 0.0,
      "lcb": 0.0,
      "delta": 0.0005,
      "alpha": 0.001,
      "n_bootstrap": 2000,
      "N": 2000,
      "avg_king_loss": 12.740885,
      "avg_challenger_loss": 12.740885,
      "wall_time_s": 128.9,
      "seqs_per_sec": 15.5,
      "timestamp": "2026-05-07T13:43:02.597379+00:00"
    },
    "error": null
  },
  "vram_pre": {
    "0": 46414,
    "1": 50940,
    "2": 50940,
    "3": 38022,
    "4": 89324,
    "5": 86948,
    "6": 86948,
    "7": 52510
  },
  "vram_after_perturb": {
    "0": 46414,
    "1": 50940,
    "2": 50940,
    "3": 38022,
    "4": 89324,
    "5": 86948,
    "6": 86948,
    "7": 52510
  },
  "vram_post": {
    "0": 46422,
    "1": 50948,
    "2": 50948,
    "3": 38030,
    "4": 89332,
    "5": 86956,
    "6": 86956,
    "7": 52518
  },
  "peak_mem": {
    "0": 76532,
    "1": 71560,
    "2": 71560,
    "3": 58642,
    "4": 89336,
    "5": 86960,
    "6": 86960,
    "7": 52522
  }
}