{
  "row": {
    "iter": 8,
    "seed": 50,
    "perturb_s": 0.0,
    "eval_wall_s": 168.3,
    "verdict_state": "completed",
    "mu_hat": 0.0,
    "lcb": 0.0,
    "delta": 0.0005,
    "accepted": false,
    "avg_king_loss": 12.740885,
    "avg_chall_loss": 12.740885,
    "peak_vram_max_mib": 89364,
    "peak_vram_per_gpu": "{\"0\": 76560, \"1\": 71588, \"2\": 71588, \"3\": 58670, \"4\": 89364, \"5\": 86988, \"6\": 86988, \"7\": 52550}",
    "hf_cache_gb_pre": 305.0,
    "hf_cache_gb_post": 305.0,
    "server_pid": 457759,
    "iter_total_s": 168.5
  },
  "perturb": {
    "perturb_wall_s": 0.0,
    "n_files": 4,
    "n_float_tensors": 0,
    "n_other_tensors": 0,
    "mode": "symlink"
  },
  "status": {
    "eval_id": "8fc24a5f",
    "state": "completed",
    "progress": {
      "done": 2000,
      "total": 2000,
      "mu_hat": 0.0,
      "avg_king_loss": 12.740885,
      "avg_challenger_loss": 12.740885,
      "seqs_per_sec": 15.5
    },
    "verdict": {
      "accepted": false,
      "verdict": "king",
      "mu_hat": 0.0,
      "lcb": 0.0,
      "delta": 0.0005,
      "alpha": 0.001,
      "n_bootstrap": 2000,
      "N": 2000,
      "avg_king_loss": 12.740885,
      "avg_challenger_loss": 12.740885,
      "wall_time_s": 129.1,
      "seqs_per_sec": 15.5,
      "timestamp": "2026-05-07T13:54:19.792054+00:00"
    },
    "error": null
  },
  "vram_pre": {
    "0": 46444,
    "1": 50970,
    "2": 50970,
    "3": 38052,
    "4": 89354,
    "5": 86978,
    "6": 86978,
    "7": 52540
  },
  "vram_after_perturb": {
    "0": 46444,
    "1": 50970,
    "2": 50970,
    "3": 38052,
    "4": 89354,
    "5": 86978,
    "6": 86978,
    "7": 52540
  },
  "vram_post": {
    "0": 46452,
    "1": 50976,
    "2": 50976,
    "3": 38060,
    "4": 89362,
    "5": 86984,
    "6": 86984,
    "7": 52548
  },
  "peak_mem": {
    "0": 76560,
    "1": 71588,
    "2": 71588,
    "3": 58670,
    "4": 89364,
    "5": 86988,
    "6": 86988,
    "7": 52550
  }
}