{
  "row": {
    "iter": 5,
    "seed": 47,
    "perturb_s": 0.0,
    "eval_wall_s": 170.1,
    "verdict_state": "completed",
    "mu_hat": 0.0,
    "lcb": 0.0,
    "delta": 0.0005,
    "accepted": false,
    "avg_king_loss": 12.740885,
    "avg_chall_loss": 12.740885,
    "peak_vram_max_mib": 89344,
    "peak_vram_per_gpu": "{\"0\": 76538, \"1\": 71566, \"2\": 71566, \"3\": 58648, \"4\": 89344, \"5\": 86966, \"6\": 86966, \"7\": 52528}",
    "hf_cache_gb_pre": 305.0,
    "hf_cache_gb_post": 305.0,
    "server_pid": 457759,
    "iter_total_s": 170.4
  },
  "perturb": {
    "perturb_wall_s": 0.0,
    "n_files": 4,
    "n_float_tensors": 0,
    "n_other_tensors": 0,
    "mode": "symlink"
  },
  "status": {
    "eval_id": "0c591971",
    "state": "completed",
    "progress": {
      "done": 2000,
      "total": 2000,
      "mu_hat": 0.0,
      "avg_king_loss": 12.740885,
      "avg_challenger_loss": 12.740885,
      "seqs_per_sec": 15.6
    },
    "verdict": {
      "accepted": false,
      "verdict": "king",
      "mu_hat": 0.0,
      "lcb": 0.0,
      "delta": 0.0005,
      "alpha": 0.001,
      "n_bootstrap": 2000,
      "N": 2000,
      "avg_king_loss": 12.740885,
      "avg_challenger_loss": 12.740885,
      "wall_time_s": 128.5,
      "seqs_per_sec": 15.6,
      "timestamp": "2026-05-07T13:45:52.714416+00:00"
    },
    "error": null
  },
  "vram_pre": {
    "0": 46422,
    "1": 50948,
    "2": 50948,
    "3": 38030,
    "4": 89332,
    "5": 86956,
    "6": 86956,
    "7": 52518
  },
  "vram_after_perturb": {
    "0": 46422,
    "1": 50948,
    "2": 50948,
    "3": 38030,
    "4": 89332,
    "5": 86956,
    "6": 86956,
    "7": 52518
  },
  "vram_post": {
    "0": 46430,
    "1": 50954,
    "2": 50954,
    "3": 38036,
    "4": 89340,
    "5": 86962,
    "6": 86962,
    "7": 52524
  },
  "peak_mem": {
    "0": 76538,
    "1": 71566,
    "2": 71566,
    "3": 58648,
    "4": 89344,
    "5": 86966,
    "6": 86966,
    "7": 52528
  }
}