{
  "row": {
    "iter": 0,
    "seed": 42,
    "perturb_s": 0.0,
    "eval_wall_s": 170.1,
    "verdict_state": "completed",
    "mu_hat": 0.0,
    "lcb": 0.0,
    "delta": 0.0005,
    "accepted": false,
    "avg_king_loss": 12.740885,
    "avg_chall_loss": 12.740885,
    "peak_vram_max_mib": 89308,
    "peak_vram_per_gpu": "{\"0\": 76502, \"1\": 71530, \"2\": 71530, \"3\": 58612, \"4\": 89308, \"5\": 86930, \"6\": 86930, \"7\": 52492}",
    "hf_cache_gb_pre": 305.0,
    "hf_cache_gb_post": 305.0,
    "server_pid": 457759,
    "iter_total_s": 170.3
  },
  "perturb": {
    "perturb_wall_s": 0.0,
    "n_files": 4,
    "n_float_tensors": 0,
    "n_other_tensors": 0,
    "mode": "symlink"
  },
  "status": {
    "eval_id": "e8523171",
    "state": "completed",
    "progress": {
      "done": 2000,
      "total": 2000,
      "mu_hat": 0.0,
      "avg_king_loss": 12.740885,
      "avg_challenger_loss": 12.740885,
      "seqs_per_sec": 15.6
    },
    "verdict": {
      "accepted": false,
      "verdict": "king",
      "mu_hat": 0.0,
      "lcb": 0.0,
      "delta": 0.0005,
      "alpha": 0.001,
      "n_bootstrap": 2000,
      "N": 2000,
      "avg_king_loss": 12.740885,
      "avg_challenger_loss": 12.740885,
      "wall_time_s": 128.6,
      "seqs_per_sec": 15.6,
      "timestamp": "2026-05-07T13:31:41.496658+00:00"
    },
    "error": null
  },
  "vram_pre": {
    "0": 46386,
    "1": 50912,
    "2": 50912,
    "3": 37994,
    "4": 50692,
    "5": 49504,
    "6": 49504,
    "7": 32314
  },
  "vram_after_perturb": {
    "0": 46386,
    "1": 50912,
    "2": 50912,
    "3": 37994,
    "4": 50692,
    "5": 49504,
    "6": 49504,
    "7": 32314
  },
  "vram_post": {
    "0": 46394,
    "1": 50918,
    "2": 50918,
    "3": 38000,
    "4": 89304,
    "5": 86926,
    "6": 86926,
    "7": 52488
  },
  "peak_mem": {
    "0": 76502,
    "1": 71530,
    "2": 71530,
    "3": 58612,
    "4": 89308,
    "5": 86930,
    "6": 86930,
    "7": 52492
  }
}