{
  "row": {
    "iter": 7,
    "seed": 49,
    "perturb_s": 0.0,
    "eval_wall_s": 168.2,
    "verdict_state": "completed",
    "mu_hat": 0.0,
    "lcb": 0.0,
    "delta": 0.0005,
    "accepted": false,
    "avg_king_loss": 12.740885,
    "avg_chall_loss": 12.740885,
    "peak_vram_max_mib": 89358,
    "peak_vram_per_gpu": "{\"0\": 76554, \"1\": 71582, \"2\": 71582, \"3\": 58664, \"4\": 89358, \"5\": 86982, \"6\": 86982, \"7\": 52544}",
    "hf_cache_gb_pre": 305.0,
    "hf_cache_gb_post": 305.0,
    "server_pid": 457759,
    "iter_total_s": 168.4
  },
  "perturb": {
    "perturb_wall_s": 0.0,
    "n_files": 4,
    "n_float_tensors": 0,
    "n_other_tensors": 0,
    "mode": "symlink"
  },
  "status": {
    "eval_id": "f1154580",
    "state": "completed",
    "progress": {
      "done": 2000,
      "total": 2000,
      "mu_hat": 0.0,
      "avg_king_loss": 12.740885,
      "avg_challenger_loss": 12.740885,
      "seqs_per_sec": 15.5
    },
    "verdict": {
      "accepted": false,
      "verdict": "king",
      "mu_hat": 0.0,
      "lcb": 0.0,
      "delta": 0.0005,
      "alpha": 0.001,
      "n_bootstrap": 2000,
      "N": 2000,
      "avg_king_loss": 12.740885,
      "avg_challenger_loss": 12.740885,
      "wall_time_s": 128.7,
      "seqs_per_sec": 15.5,
      "timestamp": "2026-05-07T13:51:30.481864+00:00"
    },
    "error": null
  },
  "vram_pre": {
    "0": 46436,
    "1": 50962,
    "2": 50962,
    "3": 38044,
    "4": 89346,
    "5": 86970,
    "6": 86970,
    "7": 52532
  },
  "vram_after_perturb": {
    "0": 46436,
    "1": 50962,
    "2": 50962,
    "3": 38044,
    "4": 89346,
    "5": 86970,
    "6": 86970,
    "7": 52532
  },
  "vram_post": {
    "0": 46444,
    "1": 50970,
    "2": 50970,
    "3": 38052,
    "4": 89354,
    "5": 86978,
    "6": 86978,
    "7": 52540
  },
  "peak_mem": {
    "0": 76554,
    "1": 71582,
    "2": 71582,
    "3": 58664,
    "4": 89358,
    "5": 86982,
    "6": 86982,
    "7": 52544
  }
}