{
  "row": {
    "iter": 6,
    "seed": 48,
    "perturb_s": 0.0,
    "eval_wall_s": 169.5,
    "verdict_state": "completed",
    "mu_hat": 0.0,
    "lcb": 0.0,
    "delta": 0.0005,
    "accepted": false,
    "avg_king_loss": 12.740885,
    "avg_chall_loss": 12.740885,
    "peak_vram_max_mib": 89350,
    "peak_vram_per_gpu": "{\"0\": 76546, \"1\": 71574, \"2\": 71574, \"3\": 58656, \"4\": 89350, \"5\": 86974, \"6\": 86974, \"7\": 52536}",
    "hf_cache_gb_pre": 305.0,
    "hf_cache_gb_post": 305.0,
    "server_pid": 457759,
    "iter_total_s": 169.7
  },
  "perturb": {
    "perturb_wall_s": 0.0,
    "n_files": 4,
    "n_float_tensors": 0,
    "n_other_tensors": 0,
    "mode": "symlink"
  },
  "status": {
    "eval_id": "c895339f",
    "state": "completed",
    "progress": {
      "done": 2000,
      "total": 2000,
      "mu_hat": 0.0,
      "avg_king_loss": 12.740885,
      "avg_challenger_loss": 12.740885,
      "seqs_per_sec": 15.5
    },
    "verdict": {
      "accepted": false,
      "verdict": "king",
      "mu_hat": 0.0,
      "lcb": 0.0,
      "delta": 0.0005,
      "alpha": 0.001,
      "n_bootstrap": 2000,
      "N": 2000,
      "avg_king_loss": 12.740885,
      "avg_challenger_loss": 12.740885,
      "wall_time_s": 129.1,
      "seqs_per_sec": 15.5,
      "timestamp": "2026-05-07T13:48:42.582785+00:00"
    },
    "error": null
  },
  "vram_pre": {
    "0": 46430,
    "1": 50954,
    "2": 50954,
    "3": 38036,
    "4": 89340,
    "5": 86962,
    "6": 86962,
    "7": 52524
  },
  "vram_after_perturb": {
    "0": 46430,
    "1": 50954,
    "2": 50954,
    "3": 38036,
    "4": 89340,
    "5": 86962,
    "6": 86962,
    "7": 52524
  },
  "vram_post": {
    "0": 46436,
    "1": 50962,
    "2": 50962,
    "3": 38044,
    "4": 89346,
    "5": 86970,
    "6": 86970,
    "7": 52532
  },
  "peak_mem": {
    "0": 76546,
    "1": 71574,
    "2": 71574,
    "3": 58656,
    "4": 89350,
    "5": 86974,
    "6": 86974,
    "7": 52536
  }
}