{
  "row": {
    "iter": 3,
    "seed": 45,
    "perturb_s": 0.0,
    "eval_wall_s": 168.6,
    "verdict_state": "completed",
    "mu_hat": 0.0,
    "lcb": 0.0,
    "delta": 0.0005,
    "accepted": false,
    "avg_king_loss": 12.740885,
    "avg_chall_loss": 12.740885,
    "peak_vram_max_mib": 89328,
    "peak_vram_per_gpu": "{\"0\": 76524, \"1\": 71552, \"2\": 71552, \"3\": 58634, \"4\": 89328, \"5\": 86952, \"6\": 86952, \"7\": 52514}",
    "hf_cache_gb_pre": 305.0,
    "hf_cache_gb_post": 305.0,
    "server_pid": 457759,
    "iter_total_s": 168.9
  },
  "perturb": {
    "perturb_wall_s": 0.0,
    "n_files": 4,
    "n_float_tensors": 0,
    "n_other_tensors": 0,
    "mode": "symlink"
  },
  "status": {
    "eval_id": "48fef5ef",
    "state": "completed",
    "progress": {
      "done": 2000,
      "total": 2000,
      "mu_hat": 0.0,
      "avg_king_loss": 12.740885,
      "avg_challenger_loss": 12.740885,
      "seqs_per_sec": 15.5
    },
    "verdict": {
      "accepted": false,
      "verdict": "king",
      "mu_hat": 0.0,
      "lcb": 0.0,
      "delta": 0.0005,
      "alpha": 0.001,
      "n_bootstrap": 2000,
      "N": 2000,
      "avg_king_loss": 12.740885,
      "avg_challenger_loss": 12.740885,
      "wall_time_s": 129.0,
      "seqs_per_sec": 15.5,
      "timestamp": "2026-05-07T13:40:14.735971+00:00"
    },
    "error": null
  },
  "vram_pre": {
    "0": 46406,
    "1": 50932,
    "2": 50932,
    "3": 38014,
    "4": 89316,
    "5": 86940,
    "6": 86940,
    "7": 52502
  },
  "vram_after_perturb": {
    "0": 46406,
    "1": 50932,
    "2": 50932,
    "3": 38014,
    "4": 89316,
    "5": 86940,
    "6": 86940,
    "7": 52502
  },
  "vram_post": {
    "0": 46414,
    "1": 50940,
    "2": 50940,
    "3": 38022,
    "4": 89324,
    "5": 86948,
    "6": 86948,
    "7": 52510
  },
  "peak_mem": {
    "0": 76524,
    "1": 71552,
    "2": 71552,
    "3": 58634,
    "4": 89328,
    "5": 86952,
    "6": 86952,
    "7": 52514
  }
}